<?xml version="1.0" encoding="utf-8" ?>
<!-- $Id: access.xml 32 2009-11-14 21:24:02Z chdemko $ -->
<access component="com_aa4j">
	<section name="component">
		<action name="core.admin" title="JACTION_ADMIN" description="JACTION_ADMIN_COMPONENT_DESC" />
		<action name="core.manage" title="JACTION_MANAGE" description="JACTION_MANAGE_COMPONENT_DESC" />
		<action name="core.create" title="JACTION_CREATE" description="JACTION_CREATE_COMPONENT_DESC" />
		<action name="core.delete" title="JACTION_DELETE" description="JACTION_DELETE_COMPONENT_DESC" />
		<action name="core.edit" title="JACTION_EDIT" description="JACTION_EDIT_COMPONENT_DESC" />
	</section>
	<section name="message">
		<action name="core.delete" title="JACTION_DELETE" description="COM_AA4J_ACCESS_DELETE_DESC" />
		<action name="core.edit" title="JACTION_EDIT" description="COM_AA4J_ACCESS_EDIT_DESC" />
	</section>
</access>

