<extension version="1.6" type="library" method="upgrade">
  <name>AA4J Framework Library</name>
  <libraryname>joomla</libraryname>
  <creationDate>Febraury 2011</creationDate>
  <author>alikon</author>
  <authorEmail>info@alikonweb.it</authorEmail>
  <authorUrl>http://www.alikonweb.it</authorUrl>
  <copyright>Copyright (C) 2006-2012, alikonweb.it</copyright>
  <license>http://www.alikonweb/license-conditions.html</license>
  <version>1.8.0 </version>
  <packager>AA4JFL</packager>
  <packagerurl>http://www.alikonweb.it</packagerurl>
  <updateservers>
    <server type="collection">http://www.alikonweb.it/list.xml</server>
  </updateservers>
  <description>
    <![CDATA[

      The AA4J Framework Library provides some features for adding captcha field to joomla form.<br /><br />


      &copy; Alikonweb [<a target="_blank" href="http://www.alikonweb.it">www.alikonweb.it</a>]

    ]]>
  </description>
  <files>    
    <filename>form/fields/acaptcha.php</filename>
  </files>
</extension>